{
  "project_info": {
    "project_number": "217798900708",
    "firebase_url": "https://the247gardener-default-rtdb.europe-west1.firebasedatabase.app",
    "project_id": "the247gardener",
    "storage_bucket": "the247gardener.appspot.com"
  },
  "client": [
    {
      "client_info": {
        "mobilesdk_app_id": "1:217798900708:android:20e9df97828f7f243325f1",
        "android_client_info": {
          "package_name": "com.hdipin.computer.science.iotapplication"
        }
      },
      "oauth_client": [
        {
          "client_id": "217798900708-becdrl06n9lp4t9hbmids5sq8k8ai5i0.apps.googleusercontent.com",
          "client_type": 1,
          "android_info": {
            "package_name": "com.hdipin.computer.science.iotapplication",
            "certificate_hash": "d9245a5d498913954254d436837ebcb6da02cba4"
          }
        },
        {
          "client_id": "217798900708-oml26q6f40n7relrg20a3djvft43erlh.apps.googleusercontent.com",
          "client_type": 3
        }
      ],
      "api_key": [
        {
          "current_key": "AIzaSyDLp4xKq_s4yiZfV_RTP7yRYtc96qzcwRI"
        }
      ],
      "services": {
        "appinvite_service": {
          "other_platform_oauth_client": [
            {
              "client_id": "217798900708-oml26q6f40n7relrg20a3djvft43erlh.apps.googleusercontent.com",
              "client_type": 3
            }
          ]
        }
      }
    }
  ],
  "configuration_version": "1"
}